id,product_name,category,jewellery_type,product_type,brand,collection,gender,occasion,metal_type,material_colour,image_url,image_folder,source_image_path,normalized_image_path,mrp,avg_selling_price,sales_3m,sales_6m,sales_1y,sales_peak_month,sales_peak_region,avg_rating,total_reviews,current_stock,restock_lead_time,launched_date,seasonal_demand_tags
traditional-fancy-graceful-gold-drop-earrings,Traditional Fancy Graceful Gold Drop Earrings,Drop & Danglers,Gold Jewellery,Drops,Tanishq,Bestsellers,Women,Bestsellers,Gold,Yellow,https://www.tanishq.co.in/dw/image/v2/BKCK_PRD/on/demandware.static/-/Sites-Tanishq-product-catalog/default/dw4457c7be/images/hi-res/510895DYAAGA00_3.jpg?sw=1000&sh=1000,Earrings/Drop & Danglers,Earrings/Drop & Danglers/Traditional Fancy Graceful Gold Drop Earrings.png,normalized_images\Earrings\Drop & Danglers\traditional-fancy-graceful-gold-drop-earrings.jpg,34500,32100,407,664,1320,April,Tamil Nadu,4.6,280,60,18,2020-11-24,"Diwali, Navratri, Pongal"
tiny-treasure-gold-drop-earrings-for-kids,Tiny Treasure Gold Drop Earrings for Kids,Drop & Danglers,Gold Jewellery,Drops,Tanishq,Modern,Kids,Modern,Gold,Yellow,https://www.tanishq.co.in/dw/image/v2/BKCK_PRD/on/demandware.static/-/Sites-Tanishq-product-catalog/default/dw54f5cc3f/images/hi-res/51K6B1DAAAGA00_1.jpg?sw=1000&sh=1000,Earrings/Drop & Danglers,Earrings/Drop & Danglers/Tiny Treasure Gold Drop Earrings for Kids.png,normalized_images\Earrings\Drop & Danglers\tiny-treasure-gold-drop-earrings-for-kids.jpg,24300,22100,359,583,1096,January,Tamil Nadu,4.1,791,80,10,2024-10-01,"Year-round, Valentine's"
starlight-cascade-diamond-drop-earrings,Starlight Cascade Diamond Drop Earrings,Drop & Danglers,Jewellery with Gemstones,Drops,Tanishq,Bestsellers,Women,Modern,Gold,Yellow,https://www.tanishq.co.in/dw/image/v2/BKCK_PRD/on/demandware.static/-/Sites-Tanishq-product-catalog/default/dwb0b82ac4/images/hi-res/50IEP4DAQADA34_1.jpg?sw=1000&sh=1000,Earrings/Drop & Danglers,Earrings/Drop & Danglers/Starlight Cascade Diamond Drop Earrings.png,normalized_images\Earrings\Drop & Danglers\starlight-cascade-diamond-drop-earrings.jpg,37100,35000,367,609,1170,September,Maharashtra,4.7,136,81,14,2024-05-26,"Year-round, Valentine's"
winged-wonder-gold-drop-earrings,Winged Wonder Gold Drop Earrings,Drop & Danglers,Gold Jewellery,Drops,Tanishq,Modern,Kids,Modern,Gold,Yellow,https://www.tanishq.co.in/dw/image/v2/BKCK_PRD/on/demandware.static/-/Sites-Tanishq-product-catalog/default/dw57c78876/images/hi-res/51K6M1DCEAGA00_1.jpg?sw=1000&sh=1000,Earrings/Drop & Danglers,Earrings/Drop & Danglers/Winged Wonder Gold Drop Earrings.png,normalized_images\Earrings\Drop & Danglers\winged-wonder-gold-drop-earrings.jpg,40100,36700,83,151,240,July,Maharashtra,4.4,647,96,9,2021-06-04,"Year-round, Valentine's"
celestial-glow-diamond-drop-earrings,Celestial Glow Diamond Drop Earrings,Drop & Danglers,Jewellery with Gemstones,Drops,Tanishq,Bestsellers,Women,Modern,Gold,Yellow,https://www.tanishq.co.in/dw/image/v2/BKCK_PRD/on/demandware.static/-/Sites-Tanishq-product-catalog/default/dw6def1633/images/hi-res/50IEP4DABADA34_1.jpg?sw=1000&sh=1000,Earrings/Drop & Danglers,Earrings/Drop & Danglers/Celestial Glow Diamond Drop Earrings.png,normalized_images\Earrings\Drop & Danglers\celestial-glow-diamond-drop-earrings.jpg,26200,25200,127,217,382,June,Karnataka,4.7,442,92,19,2020-12-15,"Year-round, Valentine's"
moon-orbit-diamond-drop-earrings,Moon Orbit Diamond Drop Earrings,Drop & Danglers,Jewellery with Gemstones,Drops,Tanishq,Bestsellers,Women,Modern,Gold,Yellow,https://www.tanishq.co.in/dw/image/v2/BKCK_PRD/on/demandware.static/-/Sites-Tanishq-product-catalog/default/dwbab532d9/images/hi-res/50IEP4DADADA34_1.jpg?sw=1000&sh=1000,Earrings/Drop & Danglers,Earrings/Drop & Danglers/Moon Orbit Diamond Drop Earrings.png,normalized_images\Earrings\Drop & Danglers\moon-orbit-diamond-drop-earrings.jpg,56700,52000,354,579,1187,February,Karnataka,4.5,228,100,20,2024-06-19,"Year-round, Valentine's"
celestial-orbit-diamond-drop-earrings,Celestial Orbit Diamond Drop Earrings,Drop & Danglers,Jewellery with Gemstones,Drops,Tanishq,Bestsellers,Women,Modern,Gold,Yellow,https://www.tanishq.co.in/dw/image/v2/BKCK_PRD/on/demandware.static/-/Sites-Tanishq-product-catalog/default/dw3711ee34/images/hi-res/50IEP4DACADA34_1.jpg?sw=1000&sh=1000,Earrings/Drop & Danglers,Earrings/Drop & Danglers/Celestial Orbit Diamond Drop Earrings.png,normalized_images\Earrings\Drop & Danglers\celestial-orbit-diamond-drop-earrings.jpg,49200,45600,178,322,503,April,Maharashtra,4.8,586,45,20,2021-02-13,"Year-round, Valentine's"
aurora-weave-gold-drop-earrings,Aurora Weave Gold Drop Earrings,Drop & Danglers,Gold Jewellery,Drops,Tanishq,Bestsellers,Women,,Gold,Yellow,https://www.tanishq.co.in/dw/image/v2/BKCK_PRD/on/demandware.static/-/Sites-Tanishq-product-catalog/default/dw468975f9/images/hi-res/50M6A1DAYAAA00_1.jpg?sw=1000&sh=1000,Earrings/Drop & Danglers,Earrings/Drop & Danglers/Aurora Weave Gold Drop Earrings.png,normalized_images\Earrings\Drop & Danglers\aurora-weave-gold-drop-earrings.jpg,13800,12900,222,385,732,March,Maharashtra,4.5,320,115,10,2022-12-22,Year-round
radiant-veil-gold-drop-earrings,Radiant Veil Gold Drop Earrings,Drop & Danglers,Gold Jewellery,Drops,Tanishq,Bestsellers,Women,,Gold,Yellow,https://www.tanishq.co.in/dw/image/v2/BKCK_PRD/on/demandware.static/-/Sites-Tanishq-product-catalog/default/dw469f3024/images/hi-res/50M6A1DAWABA00_1.jpg?sw=1000&sh=1000,Earrings/Drop & Danglers,Earrings/Drop & Danglers/Radiant Veil Gold Drop Earrings.png,normalized_images\Earrings\Drop & Danglers\radiant-veil-gold-drop-earrings.jpg,44600,40200,411,666,1307,September,Karnataka,4.4,592,87,9,2023-07-09,Year-round
whispering-weave-gold-drop-earrings,Whispering Weave Gold Drop Earrings,Drop & Danglers,Gold Jewellery,Drops,Tanishq,Bestsellers,Women,,Gold,Yellow,https://www.tanishq.co.in/dw/image/v2/BKCK_PRD/on/demandware.static/-/Sites-Tanishq-product-catalog/default/dw67c679a2/images/hi-res/50M6A1DBBABA00_1.jpg?sw=1000&sh=1000,Earrings/Drop & Danglers,Earrings/Drop & Danglers/Whispering Weave Gold Drop Earrings.png,normalized_images\Earrings\Drop & Danglers\whispering-weave-gold-drop-earrings.jpg,13300,12500,407,735,1193,June,Tamil Nadu,4.8,665,83,20,2020-06-13,Year-round
triad-drift-diamond-drop-earrings,Triad Drift Diamond Drop Earrings,Drop & Danglers,Jewellery with Gemstones,Drops,Tanishq,Modern,Kids,Modern,Gold,Yellow,https://www.tanishq.co.in/dw/image/v2/BKCK_PRD/on/demandware.static/-/Sites-Tanishq-product-catalog/default/dw2c1a0e5c/images/hi-res/50D5S2DOFADA09_1.jpg?sw=1000&sh=1000,Earrings/Drop & Danglers,Earrings/Drop & Danglers/Triad Drift Diamond Drop Earrings.png,normalized_images\Earrings\Drop & Danglers\triad-drift-diamond-drop-earrings.jpg,42300,41400,217,351,726,October,Karnataka,4.2,266,105,10,2023-07-21,"Year-round, Valentine's"
carved-rhythm-gold-drop-earrings,Carved Rhythm Gold Drop Earrings,Drop & Danglers,Jewellery with Gemstones,Drops,Tanishq,Modern,Kids,Modern,Gold,Yellow,https://www.tanishq.co.in/dw/image/v2/BKCK_PRD/on/demandware.static/-/Sites-Tanishq-product-catalog/default/dw750a2af4/images/hi-res/50O6VRDEHABB37_1.jpg?sw=1000&sh=1000,Earrings/Drop & Danglers,Earrings/Drop & Danglers/Carved Rhythm Gold Drop Earrings.png,normalized_images\Earrings\Drop & Danglers\carved-rhythm-gold-drop-earrings.jpg,58900,53800,314,515,905,December,Karnataka,4.5,654,162,11,2024-07-19,"Year-round, Valentine's"
alluring-drop-earrings,Alluring Drop Earrings,Drop & Danglers,Gold Jewellery,Drops,Tanishq,Bestsellers,Women,Modern,Gold,Yellow,https://www.tanishq.co.in/dw/image/v2/BKCK_PRD/on/demandware.static/-/Sites-Tanishq-product-catalog/default/dw9f7bc999/images/hi-res/51D3MEDDMABA00_1.jpg?sw=1000&sh=1000,Earrings/Drop & Danglers,Earrings/Drop & Danglers/Alluring Drop Earrings.png,normalized_images\Earrings\Drop & Danglers\alluring-drop-earrings.jpg,19600,19100,284,485,965,March,Karnataka,4.6,82,151,8,2020-02-05,"Year-round, Valentine's"
artful-weave-gold-drop-earrings,Artful Weave Gold Drop Earrings,Drop & Danglers,Gold Jewellery,Drops,Tanishq,Bestsellers,Women,Bestsellers,Gold,Yellow,https://www.tanishq.co.in/dw/image/v2/BKCK_PRD/on/demandware.static/-/Sites-Tanishq-product-catalog/default/dwe4836807/images/hi-res/51D1SCDIVABA00_1.jpg?sw=1000&sh=1000,Earrings/Drop & Danglers,Earrings/Drop & Danglers/Artful Weave Gold Drop Earrings.png,normalized_images\Earrings\Drop & Danglers\artful-weave-gold-drop-earrings.jpg,15200,13700,401,660,1286,October,Tamil Nadu,4.5,474,123,13,2024-08-17,"Diwali, Wedding Season"
rising-wing-diamond-drop-earrings,Rising Wing Diamond Drop Earrings,Drop & Danglers,Jewellery with Gemstones,Drops,Tanishq,Modern,Women,Modern,Gold,Yellow,https://www.tanishq.co.in/dw/image/v2/BKCK_PRD/on/demandware.static/-/Sites-Tanishq-product-catalog/default/dw4892dde5/images/hi-res/55D5WMDCMABA09_1.jpg?sw=1000&sh=1000,Earrings/Drop & Danglers,Earrings/Drop & Danglers/Rising Wing Diamond Drop Earrings.png,normalized_images\Earrings\Drop & Danglers\rising-wing-diamond-drop-earrings.jpg,17300,16900,208,393,689,January,Karnataka,4.4,191,54,17,2024-05-25,"Year-round, Valentine's"
ornate-leaf-gold-drop-earrings,Ornate Leaf Gold Drop Earrings,Drop & Danglers,Gold Jewellery,Drops,Tanishq,Bestsellers,Women,Bestsellers,Gold,Yellow,https://www.tanishq.co.in/dw/image/v2/BKCK_PRD/on/demandware.static/-/Sites-Tanishq-product-catalog/default/dwe5157d80/images/hi-res/51D1SCDJCABA00_1.jpg?sw=1000&sh=1000,Earrings/Drop & Danglers,Earrings/Drop & Danglers/Ornate Leaf Gold Drop Earrings.png,normalized_images\Earrings\Drop & Danglers\ornate-leaf-gold-drop-earrings.jpg,28300,26900,408,694,1214,March,Maharashtra,4.5,184,25,18,2022-09-25,"Diwali, Wedding Season"
ribbed-loop-gold-drop-earrings,Ribbed Loop Gold Drop Earrings,Drop & Danglers,Gold Jewellery,Drops,Tanishq,Bestsellers,Women,Bestsellers,Gold,Yellow,https://www.tanishq.co.in/dw/image/v2/BKCK_PRD/on/demandware.static/-/Sites-Tanishq-product-catalog/default/dw0cd92a6a/images/hi-res/51M5L1DAHABA00_1.jpg?sw=1000&sh=1000,Earrings/Drop & Danglers,Earrings/Drop & Danglers/Ribbed Loop Gold Drop Earrings.png,normalized_images\Earrings\Drop & Danglers\ribbed-loop-gold-drop-earrings.jpg,42300,39400,171,299,489,November,Maharashtra,4.7,101,154,16,2021-03-12,"Diwali, Wedding Season"
nakshi-crescent-gold-drop-earrings,Nakshi Crescent Gold Drop Earrings,Drop & Danglers,Gold Jewellery,Drops,Tanishq,Bestsellers,Women,,Gold,Yellow,https://www.tanishq.co.in/dw/image/v2/BKCK_PRD/on/demandware.static/-/Sites-Tanishq-product-catalog/default/dw7760492c/images/hi-res/51W3PTDSEABAP1_1.jpg?sw=1000&sh=1000,Earrings/Drop & Danglers,Earrings/Drop & Danglers/Nakshi Crescent Gold Drop Earrings.png,normalized_images\Earrings\Drop & Danglers\nakshi-crescent-gold-drop-earrings.jpg,21900,20500,470,774,1584,September,Tamil Nadu,4.6,827,178,12,2023-01-04,Year-round
heartline-harmony-gold-drop-earrings,Heartline Harmony Gold Drop Earrings,Drop & Danglers,Gold Jewellery,Drops,Tanishq,Bestsellers,Women,Bestsellers,Gold,Yellow,https://www.tanishq.co.in/dw/image/v2/BKCK_PRD/on/demandware.static/-/Sites-Tanishq-product-catalog/default/dwa280bb26/images/hi-res/51D4B2DJHABA00_1.jpg?sw=1000&sh=1000,Earrings/Drop & Danglers,Earrings/Drop & Danglers/Heartline Harmony Gold Drop Earrings.png,normalized_images\Earrings\Drop & Danglers\heartline-harmony-gold-drop-earrings.jpg,16300,15100,265,493,874,May,Tamil Nadu,4.6,102,39,10,2024-02-03,"Diwali, Wedding Season"
regal-bloom-gold-drop-earrings,Regal Bloom Gold Drop Earrings,Drop & Danglers,Gold Jewellery,Drops,Tanishq,Bestsellers,Women,Bestsellers,Gold,Yellow,https://www.tanishq.co.in/dw/image/v2/BKCK_PRD/on/demandware.static/-/Sites-Tanishq-product-catalog/default/dw088a292d/images/hi-res/51D5C1DGDABA00_1.jpg?sw=1000&sh=1000,Earrings/Drop & Danglers,Earrings/Drop & Danglers/Regal Bloom Gold Drop Earrings.png,normalized_images\Earrings\Drop & Danglers\regal-bloom-gold-drop-earrings.jpg,16600,15900,454,792,1290,September,Tamil Nadu,4.7,842,57,17,2023-09-06,"Diwali, Wedding Season"
sunlit-bloom-gold-jhumka-earrings-for-kids,Sunlit Bloom Gold Jhumka Earrings for Kids,Jhumkas,Gold Jewellery,Jhumka,Tanishq,Modern,Kids,Modern,Gold,Yellow,https://www.tanishq.co.in/dw/image/v2/BKCK_PRD/on/demandware.static/-/Sites-Tanishq-product-catalog/default/dw6ef4c03e/images/hi-res/51K6B1JACAGA00_1.jpg?sw=1000&sh=1000,Earrings/Jhumkas,Earrings/Jhumkas/Sunlit Bloom Gold Jhumka Earrings for Kids.png,normalized_images\Earrings\Jhumkas\sunlit-bloom-gold-jhumka-earrings-for-kids.jpg,17900,17000,215,378,680,April,West Bengal,4.2,143,76,18,2022-07-22,"Year-round, Valentine's"
tiny-tassels-gold-jumka-earrings-for-kids,Tiny Tassels Gold Jumka Earrings for Kids,Jhumkas,Gold Jewellery,Jhumka,Tanishq,Modern,Kids,Modern,Gold,Yellow,https://www.tanishq.co.in/dw/image/v2/BKCK_PRD/on/demandware.static/-/Sites-Tanishq-product-catalog/default/dwc2bed55a/images/hi-res/51K6B1JABAGA00_1.jpg?sw=1000&sh=1000,Earrings/Jhumkas,Earrings/Jhumkas/Tiny Tassels Gold Jumka Earrings for Kids.png,normalized_images\Earrings\Jhumkas\tiny-tassels-gold-jumka-earrings-for-kids.jpg,15800,14400,412,705,1375,August,Rajasthan,4.1,226,88,10,2020-06-01,"Year-round, Valentine's"
royal-tassel-gold-jumka-earrings-for-kids,Royal Tassel Gold Jumka Earrings for Kids,Jhumkas,Gold Jewellery,Jhumka,Tanishq,Bestsellers,Kids,Bestsellers,Gold,Yellow,https://www.tanishq.co.in/dw/image/v2/BKCK_PRD/on/demandware.static/-/Sites-Tanishq-product-catalog/default/dw1303f59d/images/hi-res/51K6B1JAEAGA00_1.jpg?sw=1000&sh=1000,Earrings/Jhumkas,Earrings/Jhumkas/Royal Tassel Gold Jumka Earrings for Kids.png,normalized_images\Earrings\Jhumkas\royal-tassel-gold-jumka-earrings-for-kids.jpg,34900,31800,381,672,1201,January,Rajasthan,4.4,619,40,10,2020-01-28,"Diwali, Wedding Season"
little-raaga-gold-jumka-earrings-for-kids,Little Raaga Gold Jumka Earrings for Kids,Jhumkas,Gold Jewellery,Jhumka,Tanishq,Bestsellers,Kids,Bestsellers,Gold,Yellow,https://www.tanishq.co.in/dw/image/v2/BKCK_PRD/on/demandware.static/-/Sites-Tanishq-product-catalog/default/dw0d39be27/images/hi-res/51K6B1JADAGA00_1.jpg?sw=1000&sh=1000,Earrings/Jhumkas,Earrings/Jhumkas/Little Raaga Gold Jumka Earrings for Kids.png,normalized_images\Earrings\Jhumkas\little-raaga-gold-jumka-earrings-for-kids.jpg,28900,27800,249,403,732,November,Uttar Pradesh,4.7,308,79,15,2021-12-19,"Diwali, Wedding Season"
little-bloom-gold-jhumka-earrings-for-kids,Little Bloom Gold Jhumka Earrings for Kids,Jhumkas,Gold Jewellery,Jhumka,Tanishq,Bestsellers,Kids,Modern,Gold,Yellow,https://www.tanishq.co.in/dw/image/v2/BKCK_PRD/on/demandware.static/-/Sites-Tanishq-product-catalog/default/dw35fa0171/images/hi-res/51K6M1JCWAGA00_1.jpg?sw=1000&sh=1000,Earrings/Jhumkas,Earrings/Jhumkas/Little Bloom Gold Jhumka Earrings for Kids.png,normalized_images\Earrings\Jhumkas\little-bloom-gold-jhumka-earrings-for-kids.jpg,15700,15200,375,653,1226,July,Rajasthan,4.5,739,49,8,2023-06-14,"Year-round, Valentine's"
lotus-cascade-gold-jhumka-earrings,Lotus Cascade Gold Jhumka Earrings,Jhumkas,Gold Jewellery,Jhumka,Tanishq,Bestsellers,Women,Modern,Gold,Yellow,https://www.tanishq.co.in/dw/image/v2/BKCK_PRD/on/demandware.static/-/Sites-Tanishq-product-catalog/default/dw35f4816f/images/hi-res/51M5V3JDRABA00_1.jpg?sw=1000&sh=1000,Earrings/Jhumkas,Earrings/Jhumkas/Lotus Cascade Gold Jhumka Earrings.png,normalized_images\Earrings\Jhumkas\lotus-cascade-gold-jhumka-earrings.jpg,12700,11900,290,504,938,November,West Bengal,4.3,93,50,7,2023-12-11,"Year-round, Valentine's"
heritage-fluted-gold-jhumka-earrings,Heritage Fluted Gold Jhumka Earrings,Jhumkas,Gold Jewellery,Jhumka,Tanishq,Bestsellers,Women,Modern,Gold,Yellow,https://www.tanishq.co.in/dw/image/v2/BKCK_PRD/on/demandware.static/-/Sites-Tanishq-product-catalog/default/dwb5deaf3a/images/hi-res/516060JFLAGA00_1.jpg?sw=1000&sh=1000,Earrings/Jhumkas,Earrings/Jhumkas/Heritage Fluted Gold Jhumka Earrings.png,normalized_images\Earrings\Jhumkas\heritage-fluted-gold-jhumka-earrings.jpg,30100,27600,489,908,1442,April,West Bengal,4.5,453,139,9,2023-03-09,"Year-round, Valentine's"
heart-melody-gold-jhumka-earrings-for-kids,Heart Melody Gold Jhumka Earrings for Kids,Jhumkas,Gold Jewellery,Jhumka,Tanishq,Bestsellers,Kids,Modern,Gold,Yellow,https://www.tanishq.co.in/dw/image/v2/BKCK_PRD/on/demandware.static/-/Sites-Tanishq-product-catalog/default/dw1d2d10c8/images/hi-res/51K4B1JBTAGA00_1.jpg?sw=1000&sh=1000,Earrings/Jhumkas,Earrings/Jhumkas/Heart Melody Gold Jhumka Earrings for Kids.png,normalized_images\Earrings\Jhumkas\heart-melody-gold-jhumka-earrings-for-kids.jpg,33300,31100,316,529,1059,August,West Bengal,4.5,139,50,7,2024-01-03,"Year-round, Valentine's"
radiant-cage-gold-jhumka-earrings,Radiant Cage Gold Jhumka Earrings,Jhumkas,Gold Jewellery,Jhumka,Tanishq,Bestsellers,Women,Modern,Gold,Yellow,https://www.tanishq.co.in/dw/image/v2/BKCK_PRD/on/demandware.static/-/Sites-Tanishq-product-catalog/default/dw82412a0d/images/hi-res/51M5V2JJBAGA00_1.jpg?sw=1000&sh=1000,Earrings/Jhumkas,Earrings/Jhumkas/Radiant Cage Gold Jhumka Earrings.png,normalized_images\Earrings\Jhumkas\radiant-cage-gold-jhumka-earrings.jpg,19900,19300,465,862,1348,August,Uttar Pradesh,4.8,783,79,20,2023-01-06,"Year-round, Valentine's"
timeless-dome-gold-jhumka-earrings,Timeless Dome Gold Jhumka Earrings,Jhumkas,Gold Jewellery,Jhumka,Tanishq,Bestsellers,Women,Modern,Gold,Yellow,https://www.tanishq.co.in/dw/image/v2/BKCK_PRD/on/demandware.static/-/Sites-Tanishq-product-catalog/default/dw417517ee/images/hi-res/51M5V2JDYABA00_1.jpg?sw=1000&sh=1000,Earrings/Jhumkas,Earrings/Jhumkas/Timeless Dome Gold Jhumka Earrings.png,normalized_images\Earrings\Jhumkas\timeless-dome-gold-jhumka-earrings.jpg,34100,32800,274,438,831,August,Uttar Pradesh,4.4,715,133,18,2024-11-23,"Year-round, Valentine's"
divyo-jharlanthan-gold-jhumka-earrings,Divyo Jharlanthan Gold Jhumka Earrings,Jhumkas,Gold Jewellery,Jhumka,Tanishq,Bestsellers,Women,Bestsellers,Gold,Yellow,https://www.tanishq.co.in/dw/image/v2/BKCK_PRD/on/demandware.static/-/Sites-Tanishq-product-catalog/default/dw6313681f/images/hi-res/51W5DPJBEABA00_1.jpg?sw=1000&sh=1000,Earrings/Jhumkas,Earrings/Jhumkas/Divyo Jharlanthan Gold Jhumka Earrings.png,normalized_images\Earrings\Jhumkas\divyo-jharlanthan-gold-jhumka-earrings.jpg,22800,21700,329,541,979,January,West Bengal,4.5,749,163,7,2022-01-02,"Diwali, Wedding Season"
pobitro-jharbati-gold-jhumka-earrings,Pobitro Jharbati Gold Jhumka Earrings,Jhumkas,Gold Jewellery,Jhumka,Tanishq,Bestsellers,Women,Modern,Gold,Yellow,https://www.tanishq.co.in/dw/image/v2/BKCK_PRD/on/demandware.static/-/Sites-Tanishq-product-catalog/default/dwb85acf8a/images/hi-res/51W5DPJBIABA00_1.jpg?sw=1000&sh=1000,Earrings/Jhumkas,Earrings/Jhumkas/Pobitro Jharbati Gold Jhumka Earrings.png,normalized_images\Earrings\Jhumkas\pobitro-jharbati-gold-jhumka-earrings.jpg,28600,26200,379,660,1270,September,Rajasthan,4.7,735,39,15,2020-03-03,"Year-round, Valentine's"
aura-of-grander-jhumka,Aura Of Grander Jhumka,Jhumkas,Gold Jewellery,Jhumka,Tanishq,Modern,Women,Modern,Gold,Yellow,https://www.tanishq.co.in/dw/image/v2/BKCK_PRD/on/demandware.static/-/Sites-Tanishq-product-catalog/default/dw49b3abce/images/hi-res/515091JBMABA00_1.jpg?sw=1000&sh=1000,Earrings/Jhumkas,Earrings/Jhumkas/Aura Of Grander Jhumka.png,normalized_images\Earrings\Jhumkas\aura-of-grander-jhumka.jpg,24400,22700,384,622,1273,July,Rajasthan,4.3,127,170,10,2024-10-02,"Year-round, Valentine's"
royal-arch-gold-jhumka-earrings,Royal Arch Gold Jhumka Earrings,Jhumkas,Gold Jewellery,Jhumka,Tanishq,Bestsellers,Women,Modern,Gold,Yellow,https://www.tanishq.co.in/dw/image/v2/BKCK_PRD/on/demandware.static/-/Sites-Tanishq-product-catalog/default/dw959d4d2c/images/hi-res/51D3C3JKKABA00_1.jpg?sw=1000&sh=1000,Earrings/Jhumkas,Earrings/Jhumkas/Royal Arch Gold Jhumka Earrings.png,normalized_images\Earrings\Jhumkas\royal-arch-gold-jhumka-earrings.jpg,36700,34300,397,644,1268,October,West Bengal,4.8,116,105,21,2022-04-22,"Year-round, Valentine's"
traditional-alluring-gold-jali-work-jhumkas,Traditional Alluring Gold Jali Work Jhumkas,Jhumkas,Gold Jewellery,Jhumka,Tanishq,Bestsellers,Women,Bestsellers,Gold,Yellow,https://www.tanishq.co.in/dw/image/v2/BKCK_PRD/on/demandware.static/-/Sites-Tanishq-product-catalog/default/dwfa655d0a/images/hi-res/513219JPEABA00_1.jpg?sw=1000&sh=1000,Earrings/Jhumkas,Earrings/Jhumkas/Traditional Alluring Gold Jali Work Jhumkas.png,normalized_images\Earrings\Jhumkas\traditional-alluring-gold-jali-work-jhumkas.jpg,41000,37900,446,755,1319,March,West Bengal,4.6,373,101,14,2022-02-01,"Diwali, Wedding Season"
multi-jhumka-frame-gold-earrings,Multi-Jhumka Frame Gold Earrings,Jhumkas,Gold Jewellery,Jhumka,Tanishq,Bestsellers,Women,Modern,Gold,Yellow,https://www.tanishq.co.in/dw/image/v2/BKCK_PRD/on/demandware.static/-/Sites-Tanishq-product-catalog/default/dw6aa479a8/images/hi-res/51W5B2JAXABA00_1.jpg?sw=1000&sh=1000,Earrings/Jhumkas,Earrings/Jhumkas/Multi-Jhumka Frame Gold Earrings.png,normalized_images\Earrings\Jhumkas\multi-jhumka-frame-gold-earrings.jpg,39300,37000,314,560,985,February,Rajasthan,4.8,307,162,10,2024-05-05,"Year-round, Valentine's"
floral-stone-set-gold-jhumka-earrings,Floral Stone-Set Gold Jhumka Earrings,Jhumkas,Gold Jewellery,Jhumka,Tanishq,Bestsellers,Women,,Gold,Yellow,https://www.tanishq.co.in/dw/image/v2/BKCK_PRD/on/demandware.static/-/Sites-Tanishq-product-catalog/default/dwea8c6ed1/images/hi-res/51W5B2JHSABAP3_1.jpg?sw=1000&sh=1000,Earrings/Jhumkas,Earrings/Jhumkas/Floral Stone-Set Gold Jhumka Earrings.png,normalized_images\Earrings\Jhumkas\floral-stone-set-gold-jhumka-earrings.jpg,36200,35100,258,480,858,June,Uttar Pradesh,4.5,719,65,14,2024-12-10,Year-round
layered-jhumka-earrings,Layered Jhumka Earrings,Jhumkas,Gold Jewellery,Jhumka,Tanishq,Bestsellers,Women,Modern,Gold,Yellow,https://www.tanishq.co.in/dw/image/v2/BKCK_PRD/on/demandware.static/-/Sites-Tanishq-product-catalog/default/dwac8a61a8/images/hi-res/51W5B2JLJABA00_1.jpg?sw=1000&sh=1000,Earrings/Jhumkas,Earrings/Jhumkas/Layered Jhumka Earrings.png,normalized_images\Earrings\Jhumkas\layered-jhumka-earrings.jpg,18400,17000,393,744,1290,September,Rajasthan,4.6,663,166,11,2020-03-09,"Year-round, Valentine's"
spiral-chain-jhumka-earrings,Spiral Chain Jhumka Earrings,Jhumkas,Gold Jewellery,Jhumka,Tanishq,Bestsellers,Women,,Gold,Yellow,https://www.tanishq.co.in/dw/image/v2/BKCK_PRD/on/demandware.static/-/Sites-Tanishq-product-catalog/default/dw6262caa2/images/hi-res/51W5B2JLIABA00_1.jpg?sw=1000&sh=1000,Earrings/Jhumkas,Earrings/Jhumkas/Spiral Chain Jhumka Earrings.png,normalized_images\Earrings\Jhumkas\spiral-chain-jhumka-earrings.jpg,36800,33700,139,259,451,March,Uttar Pradesh,4.5,247,97,16,2021-12-11,Year-round
golden-rosette-tier-drop-earrings,Golden Rosette Tier Drop Earrings,Jhumkas,Gold Jewellery,Jhumka,Tanishq,Bestsellers,Women,Bestsellers,Gold,Yellow,https://www.tanishq.co.in/dw/image/v2/BKCK_PRD/on/demandware.static/-/Sites-Tanishq-product-catalog/default/dwf6388599/images/hi-res/51W5B1JRRABA00_1.jpg?sw=1000&sh=1000,Earrings/Jhumkas,Earrings/Jhumkas/Golden Rosette Tier Drop Earrings.png,normalized_images\Earrings\Jhumkas\golden-rosette-tier-drop-earrings.jpg,30600,27600,184,332,609,September,Uttar Pradesh,4.5,347,89,21,2020-02-21,"Diwali, Wedding Season"
luminous-curve-gold-stud-earrings,Luminous Curve Gold Stud Earrings,Daily Wear Jewellery,Gold Jewellery,Studs,Tanishq,Bestsellers,Women,Modern,Gold,Yellow,https://www.tanishq.co.in/dw/image/v2/BKCK_PRD/on/demandware.static/-/Sites-Tanishq-product-catalog/default/dw3fb50937/images/hi-res/51M5V2SFZABA00_2.jpg?sw=1000&sh=1000,Daily Wear/Daily Wear Jewellery,Daily Wear/Daily Wear Jewellery/Luminous Curve Gold Stud Earrings.png,normalized_images\Daily Wear\Daily Wear Jewellery\luminous-curve-gold-stud-earrings.jpg,20700,20100,296,547,836,June,Maharashtra,4.6,700,92,9,2023-09-23,"Year-round, Valentine's"
ornamental-filigree-gold-ring,Ornamental Filigree Gold Ring,Daily Wear Jewellery,Gold Jewellery,,Tanishq,Bestsellers,Women,Casual,Gold,Yellow,https://www.tanishq.co.in/dw/image/v2/BKCK_PRD/on/demandware.static/-/Sites-Tanishq-product-catalog/default/dw8d415361/images/hi-res/51E5C1FCUAA00_2.jpg?sw=1000&sh=1000,Daily Wear/Daily Wear Jewellery,Daily Wear/Daily Wear Jewellery/Ornamental Filigree Gold Ring.png,normalized_images\Daily Wear\Daily Wear Jewellery\ornamental-filigree-gold-ring.jpg,25100,23900,298,526,854,December,Maharashtra,4.7,768,164,7,2022-10-18,"Year-round, Summer"
fluid-rhythm-gold-pendant,Fluid Rhythm Gold Pendant,Daily Wear Jewellery,Gold Jewellery,,Tanishq,Bestsellers,Women,Modern,Gold,Yellow,https://www.tanishq.co.in/dw/image/v2/BKCK_PRD/on/demandware.static/-/Sites-Tanishq-product-catalog/default/dwc77642c9/images/hi-res/50M5PLPBHAAA00_2.jpg?sw=1000&sh=1000,Daily Wear/Daily Wear Jewellery,Daily Wear/Daily Wear Jewellery/Fluid Rhythm Gold Pendant.png,normalized_images\Daily Wear\Daily Wear Jewellery\fluid-rhythm-gold-pendant.jpg,23200,21600,155,267,437,June,Maharashtra,4.7,717,116,10,2021-11-04,"Year-round, Valentine's"
blooming-bond-gold-mangalsutra,Blooming Bond Gold Mangalsutra,Daily Wear Jewellery,Gold Jewellery,,Tanishq,Bestsellers,Women,Modern,Gold,Yellow,https://www.tanishq.co.in/dw/image/v2/BKCK_PRD/on/demandware.static/-/Sites-Tanishq-product-catalog/default/dw4597e68a/images/hi-res/51M5MSYAJLA00_2.jpg?sw=1000&sh=1000,Daily Wear/Daily Wear Jewellery,Daily Wear/Daily Wear Jewellery/Blooming Bond Gold Mangalsutra.png,normalized_images\Daily Wear\Daily Wear Jewellery\blooming-bond-gold-mangalsutra.jpg,34200,30800,261,478,869,July,Delhi,4.6,252,64,21,2021-03-26,"Year-round, Valentine's"
trinity-spark-diamond-mangalsutra,Trinity Spark Diamond Mangalsutra,Daily Wear Jewellery,Gold Jewellery,,Tanishq,Bestsellers,Women,Casual,Gold,Yellow,https://www.tanishq.co.in/dw/image/v2/BKCK_PRD/on/demandware.static/-/Sites-Tanishq-product-catalog/default/dw53a9a0b5/images/hi-res/50D5L1YCVAA02_2.jpg?sw=1000&sh=1000,Daily Wear/Daily Wear Jewellery,Daily Wear/Daily Wear Jewellery/Trinity Spark Diamond Mangalsutra.png,normalized_images\Daily Wear\Daily Wear Jewellery\trinity-spark-diamond-mangalsutra.jpg,18200,17100,495,818,1508,March,Delhi,4.8,810,110,19,2023-11-28,"Year-round, Summer"
grace-curve-gold-pendant-with-chain,Grace Curve Gold Pendant with Chain,Daily Wear Jewellery,Gold Jewellery,,Tanishq,Bestsellers,Women,Modern,Gold,Yellow,https://www.tanishq.co.in/dw/image/v2/BKCK_PRD/on/demandware.static/-/Sites-Tanishq-product-catalog/default/dwde4c93b0/images/hi-res/51D4MPGFNLA00_2.jpg?sw=1000&sh=1000,Daily Wear/Daily Wear Jewellery,Daily Wear/Daily Wear Jewellery/Grace Curve Gold Pendant with Chain.png,normalized_images\Daily Wear\Daily Wear Jewellery\grace-curve-gold-pendant-with-chain.jpg,19000,17900,456,840,1349,December,Maharashtra,4.7,255,122,20,2020-08-08,"Year-round, Valentine's"
effortless-glam-chain,Effortless Glam Chain,Daily Wear Jewellery,Gold Jewellery,,Tanishq,Bestsellers,Women,Casual,Gold,Yellow,https://www.tanishq.co.in/dw/image/v2/BKCK_PRD/on/demandware.static/-/Sites-Tanishq-product-catalog/default/dwd6b341ba/images/hi-res/50D2D2CIWAA00_2.jpg?sw=1000&sh=1000,Daily Wear/Daily Wear Jewellery,Daily Wear/Daily Wear Jewellery/Effortless Glam Chain.png,normalized_images\Daily Wear\Daily Wear Jewellery\effortless-glam-chain.jpg,25300,24300,182,335,559,May,Maharashtra,4.7,524,82,7,2021-07-11,"Year-round, Summer"
delicate-bloom-diamond-mangalsutra,Delicate Bloom Diamond Mangalsutra,Daily Wear Jewellery,Gold Jewellery,,Tanishq,Bestsellers,Women,Casual,Gold,Yellow,https://www.tanishq.co.in/dw/image/v2/BKCK_PRD/on/demandware.static/-/Sites-Tanishq-product-catalog/default/dw1a591c37/images/hi-res/50D5L1YCNAA02_2.jpg?sw=1000&sh=1000,Daily Wear/Daily Wear Jewellery,Daily Wear/Daily Wear Jewellery/Delicate Bloom Diamond Mangalsutra.png,normalized_images\Daily Wear\Daily Wear Jewellery\delicate-bloom-diamond-mangalsutra.jpg,44700,42100,222,412,750,May,Karnataka,4.6,691,155,13,2024-06-01,"Year-round, Summer"
ribbon-wrap-gold-ring,Ribbon Wrap Gold Ring,Daily Wear Jewellery,Gold Jewellery,,Tanishq,Bestsellers,Women,Modern,Gold,Yellow,https://www.tanishq.co.in/dw/image/v2/BKCK_PRD/on/demandware.static/-/Sites-Tanishq-product-catalog/default/dw071dd4de/images/hi-res/51M5B1FDEAA00_1.jpg?sw=1000&sh=1000,Daily Wear/Daily Wear Jewellery,Daily Wear/Daily Wear Jewellery/Ribbon Wrap Gold Ring.png,normalized_images\Daily Wear\Daily Wear Jewellery\ribbon-wrap-gold-ring.jpg,26800,24500,139,258,410,October,Karnataka,4.3,152,34,8,2024-07-12,"Year-round, Valentine's"
alluring-teardrop-shaped-gold-and-diamond-hoop-earrings,Alluring Teardrop Shaped Gold and Diamond Hoop Earrings,Daily Wear Jewellery,Gold Jewellery,,Tanishq,Bestsellers,Women,Modern,Gold,Yellow,https://www.tanishq.co.in/dw/image/v2/BKCK_PRD/on/demandware.static/-/Sites-Tanishq-product-catalog/default/dwd32cd73e/images/hi-res/502011HQSAAB02_1.jpg?sw=1000&sh=1000,Daily Wear/Daily Wear Jewellery,Daily Wear/Daily Wear Jewellery/Alluring Teardrop Shaped Gold and Diamond Hoop Earrings.png,normalized_images\Daily Wear\Daily Wear Jewellery\alluring-teardrop-shaped-gold-and-diamond-hoop-earrings.jpg,28200,25600,453,831,1387,September,Maharashtra,4.3,104,123,21,2024-04-09,"Year-round, Valentine's"
gilded-leafline-gold-ring,Gilded Leafline Gold Ring,Daily Wear Rings,Gold Jewellery,,Tanishq,Bestsellers,Women,Modern,Gold,Yellow,https://www.tanishq.co.in/dw/image/v2/BKCK_PRD/on/demandware.static/-/Sites-Tanishq-product-catalog/default/dw6135fb3d/images/hi-res/51M5V2FHYAA00_1.jpg?sw=1000&sh=1000,Daily Wear/Daily Wear Rings,Daily Wear/Daily Wear Rings/Gilded Leafline Gold Ring.png,normalized_images\Daily Wear\Daily Wear Rings\gilded-leafline-gold-ring.jpg,35300,32600,102,184,285,September,Gujarat,4.8,686,75,12,2023-02-22,"Year-round, Valentine's"
infinity-loop-gold-ring,Infinity Loop Gold Ring,Daily Wear Rings,Gold Jewellery,,Tanishq,Bestsellers,Women,Casual,Gold,Yellow,https://www.tanishq.co.in/dw/image/v2/BKCK_PRD/on/demandware.static/-/Sites-Tanishq-product-catalog/default/dwf78a690e/images/hi-res/50M5B1FINAA00_1.jpg?sw=1000&sh=1000,Daily Wear/Daily Wear Rings,Daily Wear/Daily Wear Rings/Infinity Loop Gold Ring.png,normalized_images\Daily Wear\Daily Wear Rings\infinity-loop-gold-ring.jpg,27300,25000,249,444,796,February,Gujarat,4.4,449,101,15,2022-11-14,"Year-round, Summer"
interlaced-infinity-diamond-ring,Interlaced Infinity Diamond Ring,Daily Wear Rings,Gold Jewellery,,Tanishq,Bestsellers,Women,Modern,Gold,Yellow,https://www.tanishq.co.in/dw/image/v2/BKCK_PRD/on/demandware.static/-/Sites-Tanishq-product-catalog/default/dwe7cfbbda/images/hi-res/50D5H3FRZAA09_1.jpg?sw=1000&sh=1000,Daily Wear/Daily Wear Rings,Daily Wear/Daily Wear Rings/Interlaced Infinity Diamond Ring.png,normalized_images\Daily Wear\Daily Wear Rings\interlaced-infinity-diamond-ring.jpg,70200,67600,247,425,735,March,Maharashtra,4.4,381,132,17,2023-11-24,"Year-round, Valentine's"
honeycomb-gleam-gold-ring,Honeycomb Gleam Gold Ring,Daily Wear Rings,Gold Jewellery,,Tanishq,Bestsellers,Women,Casual,Gold,Yellow,https://www.tanishq.co.in/dw/image/v2/BKCK_PRD/on/demandware.static/-/Sites-Tanishq-product-catalog/default/dwee2e8dd8/images/hi-res/51D5P1FHLAA00_1.jpg?sw=1000&sh=1000,Daily Wear/Daily Wear Rings,Daily Wear/Daily Wear Rings/Honeycomb Gleam Gold Ring.png,normalized_images\Daily Wear\Daily Wear Rings\honeycomb-gleam-gold-ring.jpg,16400,15900,169,301,503,September,Maharashtra,4.8,756,102,11,2021-07-26,"Year-round, Summer"
serene-petal-gold-ring,Serene Petal Gold Ring,Daily Wear Rings,Jewellery with Gemstones,,Tanishq,Bestsellers,Women,Casual,Gold,Yellow,https://www.tanishq.co.in/dw/image/v2/BKCK_PRD/on/demandware.static/-/Sites-Tanishq-product-catalog/default/dw0b531d77/images/hi-res/51M5PLFLGAA37_1.jpg?sw=1000&sh=1000,Daily Wear/Daily Wear Rings,Daily Wear/Daily Wear Rings/Serene Petal Gold Ring.png,normalized_images\Daily Wear\Daily Wear Rings\serene-petal-gold-ring.jpg,58000,54000,376,670,1125,August,Delhi,4.6,777,79,15,2023-12-06,"Year-round, Summer"
intertwined-waves-gold-ring,Intertwined Waves Gold Ring,Daily Wear Rings,Gold Jewellery,,Tanishq,Bestsellers,Women,Casual,Gold,Yellow,https://www.tanishq.co.in/dw/image/v2/BKCK_PRD/on/demandware.static/-/Sites-Tanishq-product-catalog/default/dwe9ceb960/images/hi-res/51E5C1FCKAA00_1.jpg?sw=1000&sh=1000,Daily Wear/Daily Wear Rings,Daily Wear/Daily Wear Rings/Intertwined Waves Gold Ring.png,normalized_images\Daily Wear\Daily Wear Rings\intertwined-waves-gold-ring.jpg,19700,18300,417,677,1296,November,Gujarat,4.4,519,110,8,2021-11-10,"Year-round, Summer"
blooming-petals-gold-ring,Blooming Petals Gold Ring,Daily Wear Rings,Gold Jewellery,,Tanishq,Bestsellers,Women,Casual,Gold,Yellow,https://www.tanishq.co.in/dw/image/v2/BKCK_PRD/on/demandware.static/-/Sites-Tanishq-product-catalog/default/dwc31a87c9/images/hi-res/51E5C1FBNAA00_1.jpg?sw=1000&sh=1000,Daily Wear/Daily Wear Rings,Daily Wear/Daily Wear Rings/Blooming Petals Gold Ring.png,normalized_images\Daily Wear\Daily Wear Rings\blooming-petals-gold-ring.jpg,33100,30300,195,359,563,January,Maharashtra,4.8,535,146,16,2020-08-14,"Year-round, Summer"
trio-bloom-gold-ring,Trio Bloom Gold Ring,Daily Wear Rings,Gold Jewellery,,Tanishq,Bestsellers,Women,Casual,Gold,Yellow,https://www.tanishq.co.in/dw/image/v2/BKCK_PRD/on/demandware.static/-/Sites-Tanishq-product-catalog/default/dwae3ac6b5/images/hi-res/51E5C1FBTAA00_1.jpg?sw=1000&sh=1000,Daily Wear/Daily Wear Rings,Daily Wear/Daily Wear Rings/Trio Bloom Gold Ring.png,normalized_images\Daily Wear\Daily Wear Rings\trio-bloom-gold-ring.jpg,39200,37400,402,712,1298,July,Delhi,4.8,589,127,10,2021-11-23,"Year-round, Summer"
radiant-ties-gold-ring,Radiant Ties Gold Ring,Daily Wear Rings,Gold Jewellery,,Tanishq,Bestsellers,Women,Casual,Gold,Yellow,https://www.tanishq.co.in/dw/image/v2/BKCK_PRD/on/demandware.static/-/Sites-Tanishq-product-catalog/default/dw5ca49395/images/hi-res/51E5C1FBKAA00_1.jpg?sw=1000&sh=1000,Daily Wear/Daily Wear Rings,Daily Wear/Daily Wear Rings/Radiant Ties Gold Ring.png,normalized_images\Daily Wear\Daily Wear Rings\radiant-ties-gold-ring.jpg,23700,23200,82,153,271,February,Delhi,4.6,162,81,9,2024-08-02,"Year-round, Summer"
enchanted-twig-gold-ring,Enchanted Twig Gold Ring,Daily Wear Rings,Gold Jewellery,,Tanishq,Bestsellers,Women,Casual,Gold,Yellow,https://www.tanishq.co.in/dw/image/v2/BKCK_PRD/on/demandware.static/-/Sites-Tanishq-product-catalog/default/dwfdb569c4/images/hi-res/51E5C1FDMAA00_1.jpg?sw=1000&sh=1000,Daily Wear/Daily Wear Rings,Daily Wear/Daily Wear Rings/Enchanted Twig Gold Ring.png,normalized_images\Daily Wear\Daily Wear Rings\enchanted-twig-gold-ring.jpg,29600,28500,365,611,1207,August,Maharashtra,4.3,715,143,17,2024-09-20,"Year-round, Summer"
canopy-bloom-gold-stud-earrings,Canopy Bloom Gold Stud Earrings,Gemstone Earrings,Jewellery with Gemstones,Studs,Tanishq,Hues,Women,Modern,Gold,Yellow,https://www.tanishq.co.in/dw/image/v2/BKCK_PRD/on/demandware.static/-/Sites-Tanishq-product-catalog/default/dwf4693de7/images/hi-res/50D6VRSASABA37_1.jpg?sw=1000&sh=1000,Gemstone/Gemstone Earrings,Gemstone/Gemstone Earrings/Canopy Bloom Gold Stud Earrings.png,normalized_images\Gemstone\Gemstone Earrings\canopy-bloom-gold-stud-earrings.jpg,12300,11600,242,456,807,October,Andhra Pradesh,4.3,693,134,20,2024-08-06,"Year-round, Valentine's"
twilight-vinefall-gold-drop-earrings,Twilight Vinefall Gold Drop Earrings,Gemstone Earrings,Jewellery with Gemstones,Drops,Tanishq,Hues,Women,Modern,Gold,Yellow,https://www.tanishq.co.in/dw/image/v2/BKCK_PRD/on/demandware.static/-/Sites-Tanishq-product-catalog/default/dwf2b2820d/images/hi-res/50D6VRDBXABA37_1.jpg?sw=1000&sh=1000,Gemstone/Gemstone Earrings,Gemstone/Gemstone Earrings/Twilight Vinefall Gold Drop Earrings.png,normalized_images\Gemstone\Gemstone Earrings\twilight-vinefall-gold-drop-earrings.jpg,12800,12100,460,854,1412,April,Delhi,4.2,214,158,14,2021-05-15,"Year-round, Valentine's"
orchard-glow-gold-stud-earrings,Orchard Glow Gold Stud Earrings,Gemstone Earrings,Jewellery with Gemstones,Studs,Tanishq,Hues,Women,Modern,Gold,Yellow,https://www.tanishq.co.in/dw/image/v2/BKCK_PRD/on/demandware.static/-/Sites-Tanishq-product-catalog/default/dw871bd146/images/hi-res/50D6VRSBCABA37_1.jpg?sw=1000&sh=1000,Gemstone/Gemstone Earrings,Gemstone/Gemstone Earrings/Orchard Glow Gold Stud Earrings.png,normalized_images\Gemstone\Gemstone Earrings\orchard-glow-gold-stud-earrings.jpg,20900,19800,119,215,349,June,Gujarat,3.8,82,163,8,2021-03-08,"Year-round, Valentine's"
bloom-frame-gold-drop-earrings,Bloom Frame Gold Drop Earrings,Gemstone Earrings,Jewellery with Gemstones,Drops,Tanishq,Hues,Women,Modern,Gold,Yellow,https://www.tanishq.co.in/dw/image/v2/BKCK_PRD/on/demandware.static/-/Sites-Tanishq-product-catalog/default/dw7ef7e35e/images/hi-res/50D6VRDBBABA37_1.jpg?sw=1000&sh=1000,Gemstone/Gemstone Earrings,Gemstone/Gemstone Earrings/Bloom Frame Gold Drop Earrings.png,normalized_images\Gemstone\Gemstone Earrings\bloom-frame-gold-drop-earrings.jpg,15100,14000,276,499,889,February,West Bengal,4.0,818,129,12,2024-08-14,"Year-round, Valentine's"
eternal-grace-gold-drop-earrings,Eternal Grace Gold Drop Earrings,Gemstone Earrings,Jewellery with Gemstones,Drops,Tanishq,Hues,Women,Modern,Gold,Yellow,https://www.tanishq.co.in/dw/image/v2/BKCK_PRD/on/demandware.static/-/Sites-Tanishq-product-catalog/default/dwdb0b27b8/images/hi-res/51D5C1DPIABA37_1.jpg?sw=1000&sh=1000,Gemstone/Gemstone Earrings,Gemstone/Gemstone Earrings/Eternal Grace Gold Drop Earrings.png,normalized_images\Gemstone\Gemstone Earrings\eternal-grace-gold-drop-earrings.jpg,31100,28400,111,184,338,October,Tamil Nadu,4.2,757,172,13,2023-01-12,"Year-round, Valentine's"
lotus-blush-gold-hoop-earrings,Lotus Blush Gold Hoop Earrings,Gemstone Earrings,Jewellery with Gemstones,Drops,Tanishq,Bestsellers,Women,Modern,Gold,Rose,https://www.tanishq.co.in/dw/image/v2/BKCK_PRD/on/demandware.static/-/Sites-Tanishq-product-catalog/default/dw28f080bb/images/hi-res/50M6AZHACABA37_1.jpg?sw=1000&sh=1000,Gemstone/Gemstone Earrings,Gemstone/Gemstone Earrings/Lotus Blush Gold Hoop Earrings.png,normalized_images\Gemstone\Gemstone Earrings\lotus-blush-gold-hoop-earrings.jpg,39400,36200,232,423,768,July,Andhra Pradesh,4.4,541,164,19,2024-04-16,"Year-round, Valentine's"
tropical-canopy-gold-drop-earrings,Tropical Canopy Gold Drop Earrings,Gemstone Earrings,Jewellery with Gemstones,Drops,Tanishq,Bestsellers,Women,Modern,Gold,Yellow,https://www.tanishq.co.in/dw/image/v2/BKCK_PRD/on/demandware.static/-/Sites-Tanishq-product-catalog/default/dw0488faf9/images/hi-res/50O6VRDBAABA37_1.jpg?sw=1000&sh=1000,Gemstone/Gemstone Earrings,Gemstone/Gemstone Earrings/Tropical Canopy Gold Drop Earrings.png,normalized_images\Gemstone\Gemstone Earrings\tropical-canopy-gold-drop-earrings.jpg,23300,21500,192,322,593,July,Gujarat,4.6,117,128,18,2021-08-05,"Year-round, Valentine's"
tantalizing-22-karat-yellow-gold-floral-stud-earrings,Tantalizing 22 Karat Yellow Gold Floral Stud Earrings,Gemstone Earrings,Jewellery with Gemstones,Drops,Tanishq,Bestsellers,Women,Casual,Gold,Yellow,https://www.tanishq.co.in/dw/image/v2/BKCK_PRD/on/demandware.static/-/Sites-Tanishq-product-catalog/default/dw16ce7abb/images/hi-res/511095SBAAGA12_1.jpg?sw=1000&sh=1000,Gemstone/Gemstone Earrings,Gemstone/Gemstone Earrings/Tantalizing 22 Karat Yellow Gold Floral Stud Earrings.png,normalized_images\Gemstone\Gemstone Earrings\tantalizing-22-karat-yellow-gold-floral-stud-earrings.jpg,48700,47400,398,700,1330,October,Kerala,4.7,222,31,8,2023-03-28,"Year-round, Summer"
summer-garden-gold-drop-earrings,Summer Garden Gold Drop Earrings,Gemstone Earrings,Jewellery with Gemstones,Drops,Tanishq,Bestsellers,Women,Modern,Gold,Yellow,https://www.tanishq.co.in/dw/image/v2/BKCK_PRD/on/demandware.static/-/Sites-Tanishq-product-catalog/default/dwb8e17851/images/hi-res/50DXVRDAXABA37_1.jpg?sw=1000&sh=1000,Gemstone/Gemstone Earrings,Gemstone/Gemstone Earrings/Summer Garden Gold Drop Earrings.png,normalized_images\Gemstone\Gemstone Earrings\summer-garden-gold-drop-earrings.jpg,58000,53800,316,522,934,June,Rajasthan,4.8,592,141,12,2022-07-09,"Year-round, Valentine's"
verdant-bloom-gold-hoop-earrings,Verdant Bloom Gold Hoop Earrings,Gemstone Earrings,Jewellery with Gemstones,Drops,Tanishq,Bestsellers,Women,Modern,Gold,Yellow,https://www.tanishq.co.in/dw/image/v2/BKCK_PRD/on/demandware.static/-/Sites-Tanishq-product-catalog/default/dwb949fa15/images/hi-res/50W6CSHEWABA40_1.jpg?sw=1000&sh=1000,Gemstone/Gemstone Earrings,Gemstone/Gemstone Earrings/Verdant Bloom Gold Hoop Earrings.png,normalized_images\Gemstone\Gemstone Earrings\verdant-bloom-gold-hoop-earrings.jpg,17300,16600,465,876,1419,February,Uttar Pradesh,4.4,173,29,18,2024-01-12,"Year-round, Valentine's"
orchard-cluster-gold-ring,Orchard Cluster Gold Ring,Gemstone Rings,Jewellery with Gemstones,,Tanishq,Hues,Women,Modern,Gold,Yellow,https://www.tanishq.co.in/dw/image/v2/BKCK_PRD/on/demandware.static/-/Sites-Tanishq-product-catalog/default/dwa8c26dd5/images/hi-res/50D6VRFCJAA37_1.jpg?sw=1000&sh=1000,Gemstone/Gemstone Rings,Gemstone/Gemstone Rings/Orchard Cluster Gold Ring.png,normalized_images\Gemstone\Gemstone Rings\orchard-cluster-gold-ring.jpg,21000,19200,194,348,634,November,Tamil Nadu,3.9,822,32,10,2021-01-20,"Year-round, Valentine's"
tropical-orchard-gold-ring,Tropical Orchard Gold Ring,Gemstone Rings,Jewellery with Gemstones,,Tanishq,Hues,Women,Modern,Gold,Yellow,https://www.tanishq.co.in/dw/image/v2/BKCK_PRD/on/demandware.static/-/Sites-Tanishq-product-catalog/default/dw902c8fa0/images/hi-res/50D6VRFBHAA37_1.jpg?sw=1000&sh=1000,Gemstone/Gemstone Rings,Gemstone/Gemstone Rings/Tropical Orchard Gold Ring.png,normalized_images\Gemstone\Gemstone Rings\tropical-orchard-gold-ring.jpg,45600,43400,158,264,487,February,Kerala,3.9,846,80,14,2022-06-06,"Year-round, Valentine's"
bloom-cluster-gold-ring,Bloom Cluster Gold Ring,Gemstone Rings,Jewellery with Gemstones,,Tanishq,Hues,Women,Modern,Gold,Yellow,https://www.tanishq.co.in/dw/image/v2/BKCK_PRD/on/demandware.static/-/Sites-Tanishq-product-catalog/default/dw80976857/images/hi-res/50D6VRFCHAA37_2.jpg?sw=1000&sh=1000,Gemstone/Gemstone Rings,Gemstone/Gemstone Rings/Bloom Cluster Gold Ring.png,normalized_images\Gemstone\Gemstone Rings\bloom-cluster-gold-ring.jpg,59000,54200,390,695,1267,February,Karnataka,4.3,670,104,8,2024-01-10,"Year-round, Valentine's"
secret-garden-gold-ring,Secret Garden Gold Ring,Gemstone Rings,Jewellery with Gemstones,,Tanishq,Bestsellers,Women,Modern,Gold,Rose,https://www.tanishq.co.in/dw/image/v2/BKCK_PRD/on/demandware.static/-/Sites-Tanishq-product-catalog/default/dwaa399261/images/hi-res/50M6AZFAIAA37_2.jpg?sw=1000&sh=1000,Gemstone/Gemstone Rings,Gemstone/Gemstone Rings/Secret Garden Gold Ring.png,normalized_images\Gemstone\Gemstone Rings\secret-garden-gold-ring.jpg,22600,21000,374,674,1262,July,Rajasthan,4.3,395,44,16,2021-02-23,"Year-round, Valentine's"
bloom-bud-gold-ring,Bloom Bud Gold Ring,Gemstone Rings,Jewellery with Gemstones,,Tanishq,Hues,Women,Modern,Gold,Yellow,https://www.tanishq.co.in/dw/image/v2/BKCK_PRD/on/demandware.static/-/Sites-Tanishq-product-catalog/default/dw943814d0/images/hi-res/50D6VRFCAAA37_1.jpg?sw=1000&sh=1000,Gemstone/Gemstone Rings,Gemstone/Gemstone Rings/Bloom Bud Gold Ring.png,normalized_images\Gemstone\Gemstone Rings\bloom-bud-gold-ring.jpg,53000,49500,475,802,1525,February,Kerala,4.1,801,35,12,2024-07-22,"Year-round, Valentine's"
orchard-bloom-gold-ring,Orchard Bloom Gold Ring,Gemstone Rings,Jewellery with Gemstones,,Tanishq,Hues,Women,Modern,Gold,Yellow,https://www.tanishq.co.in/dw/image/v2/BKCK_PRD/on/demandware.static/-/Sites-Tanishq-product-catalog/default/dw409da77c/images/hi-res/50D6VRFCMAA37_1.jpg?sw=1000&sh=1000,Gemstone/Gemstone Rings,Gemstone/Gemstone Rings/Orchard Bloom Gold Ring.png,normalized_images\Gemstone\Gemstone Rings\orchard-bloom-gold-ring.jpg,19300,17600,269,435,857,January,West Bengal,4.4,578,150,8,2023-06-21,"Year-round, Valentine's"
hidden-song-gold-ring,Hidden Song Gold Ring,Gemstone Rings,Jewellery with Gemstones,,Tanishq,Hues,Women,Modern,Gold,Yellow,https://www.tanishq.co.in/dw/image/v2/BKCK_PRD/on/demandware.static/-/Sites-Tanishq-product-catalog/default/dwa09a719f/images/hi-res/50D6VRFCBAA37_1.jpg?sw=1000&sh=1000,Gemstone/Gemstone Rings,Gemstone/Gemstone Rings/Hidden Song Gold Ring.png,normalized_images\Gemstone\Gemstone Rings\hidden-song-gold-ring.jpg,59900,58400,504,875,1457,March,Andhra Pradesh,4.0,743,94,16,2024-08-15,"Year-round, Valentine's"
vibrant-dramatic-emerald-finger-ring,Vibrant Dramatic Emerald Finger Ring,Gemstone Rings,Jewellery with Gemstones,,Tanishq,Hues,Women,Casual,Gold,Yellow,https://www.tanishq.co.in/dw/image/v2/BKCK_PRD/on/demandware.static/-/Sites-Tanishq-product-catalog/default/dw7a92bdd3/images/hi-res/51D5B1FIZAA40_1.jpg?sw=1000&sh=1000,Gemstone/Gemstone Rings,Gemstone/Gemstone Rings/Vibrant Dramatic Emerald Finger Ring.png,normalized_images\Gemstone\Gemstone Rings\vibrant-dramatic-emerald-finger-ring.jpg,18400,17700,303,559,956,June,Rajasthan,4.7,625,47,11,2023-04-25,"Year-round, Summer"
dainty-floral-ruby-gold-finger-ring,Dainty Floral Ruby Gold Finger Ring,Gemstone Rings,Jewellery with Gemstones,,Tanishq,Hues,Women,Casual,Gold,Yellow,https://www.tanishq.co.in/dw/image/v2/BKCK_PRD/on/demandware.static/-/Sites-Tanishq-product-catalog/default/dw213df098/images/hi-res/500111FSAAA15_1.jpg?sw=1000&sh=1000,Gemstone/Gemstone Rings,Gemstone/Gemstone Rings/Dainty Floral Ruby Gold Finger Ring.png,normalized_images\Gemstone\Gemstone Rings\dainty-floral-ruby-gold-finger-ring.jpg,41100,39400,317,561,1014,June,Tamil Nadu,4.3,127,151,20,2022-03-16,"Year-round, Summer"
magnificent-22-karat-yellow-gold-colourful-stone-studded-finger-ring,Magnificent 22 Karat Yellow Gold Colourful Stone Studded Finger Ring,Gemstone Rings,Jewellery with Gemstones,,Tanishq,Bestsellers,Women,Casual,Gold,Yellow,https://www.tanishq.co.in/dw/image/v2/BKCK_PRD/on/demandware.static/-/Sites-Tanishq-product-catalog/default/dwcc35dd94/images/hi-res/511096FCAAA40_1.jpg?sw=1000&sh=1000,Gemstone/Gemstone Rings,Gemstone/Gemstone Rings/Magnificent 22 Karat Yellow Gold Colourful Stone Studded Finger Ring.png,normalized_images\Gemstone\Gemstone Rings\magnificent-22-karat-yellow-gold-colourful-stone-studded-finger-ring.jpg,22600,21900,188,320,555,May,Kerala,4.7,837,95,15,2020-09-07,"Year-round, Summer"
traditional-temple-gold-bangle,Traditional Temple Gold Bangle,Gold Bangles,Gold Jewellery,,Tanishq,Shagun,Women,Casual,Gold,Yellow,https://www.tanishq.co.in/dw/image/v2/BKCK_PRD/on/demandware.static/-/Sites-Tanishq-product-catalog/default/dw1fe2dcef/images/hi-res/512313VEW1A00_1.jpg?sw=480&sh=480,Gold/Gold Bangles,Gold/Gold Bangles/Traditional Temple Gold Bangle.png,normalized_images\Gold\Gold Bangles\traditional-temple-gold-bangle.jpg,37100,34500,123,205,374,September,Rajasthan,4.1,91,146,17,2023-08-26,"Diwali, Navratri, Pongal"
everlasting-grace-bangle,Everlasting Grace Bangle,Gold Bangles,Gold Jewellery,,Tanishq,Bestsellers,Women,Modern,Gold,Yellow,https://www.tanishq.co.in/dw/image/v2/BKCK_PRD/on/demandware.static/-/Sites-Tanishq-product-catalog/default/dw4b29380b/images/hi-res/516061VAG1A00_2.jpg?sw=480&sh=480,Gold/Gold Bangles,Gold/Gold Bangles/Everlasting Grace Bangle.png,normalized_images\Gold\Gold Bangles\everlasting-grace-bangle.jpg,34000,30700,88,143,258,December,Rajasthan,4.8,180,103,17,2024-06-16,"Year-round, Valentine's"
arrowline-wrap-gold-bangle,Arrowline Wrap Gold Bangle,Gold Bangles,Gold Jewellery,,Tanishq,Bestsellers,Women,Modern,Gold,Yellow,https://www.tanishq.co.in/dw/image/v2/BKCK_PRD/on/demandware.static/-/Sites-Tanishq-product-catalog/default/dwb9c7fed0/images/hi-res/51M5C1VAR1A00_2.jpg?sw=480&sh=480,Gold/Gold Bangles,Gold/Gold Bangles/Arrowline Wrap Gold Bangle.png,normalized_images\Gold\Gold Bangles\arrowline-wrap-gold-bangle.jpg,8700,8400,363,638,1109,December,Andhra Pradesh,4.7,347,109,12,2023-05-10,"Year-round, Valentine's"
interwoven-grace-gold-bangle,Interwoven Grace Gold Bangle,Gold Bangles,Gold Jewellery,,Tanishq,Bestsellers,Women,Modern,Gold,Yellow,https://www.tanishq.co.in/dw/image/v2/BKCK_PRD/on/demandware.static/-/Sites-Tanishq-product-catalog/default/dwc098c91c/images/hi-res/51D4C2VGC1A00_2.jpg?sw=480&sh=480,Gold/Gold Bangles,Gold/Gold Bangles/Interwoven Grace Gold Bangle.png,normalized_images\Gold\Gold Bangles\interwoven-grace-gold-bangle.jpg,27000,24600,208,347,672,June,Maharashtra,4.5,119,162,19,2021-04-07,"Year-round, Valentine's"
twisted-flow-gold-bangle,Twisted Flow Gold Bangle,Gold Bangles,Gold Jewellery,,Tanishq,Bestsellers,Women,Modern,Gold,Yellow,https://www.tanishq.co.in/dw/image/v2/BKCK_PRD/on/demandware.static/-/Sites-Tanishq-product-catalog/default/dw63a07de8/images/hi-res/51M4B1VCZ1A00_1.jpg?sw=1000&sh=1000,Gold/Gold Bangles,Gold/Gold Bangles/Twisted Flow Gold Bangle.png,normalized_images\Gold\Gold Bangles\twisted-flow-gold-bangle.jpg,10600,9800,458,799,1481,September,Kerala,4.6,369,97,8,2021-05-08,"Year-round, Valentine's"
little-blossom-gold-bangles-for-kids,Little Blossom Gold Bangles for Kids,Gold Bangles,Gold Jewellery,,Tanishq,Bestsellers,Kids,Casual,Gold,Yellow,https://www.tanishq.co.in/dw/image/v2/BKCK_PRD/on/demandware.static/-/Sites-Tanishq-product-catalog/default/dwe7731e1c/images/hi-res/51K5B1VRV2A00_1.jpg?sw=1000&sh=1000,Gold/Gold Bangles,Gold/Gold Bangles/Little Blossom Gold Bangles for Kids.png,normalized_images\Gold\Gold Bangles\little-blossom-gold-bangles-for-kids.jpg,29900,28500,264,436,741,September,Karnataka,4.7,80,95,7,2020-09-10,"Year-round, Summer"
symphonic-gold-bangles,Symphonic Gold Bangles,Gold Bangles,Gold Jewellery,,Tanishq,Bestsellers,Women,Modern,Gold,Yellow,https://www.tanishq.co.in/dw/image/v2/BKCK_PRD/on/demandware.static/-/Sites-Tanishq-product-catalog/default/dwe327874c/images/hi-res/513515VHS2B00_1.jpg?sw=1000&sh=1000,Gold/Gold Bangles,Gold/Gold Bangles/Symphonic Gold Bangles.png,normalized_images\Gold\Gold Bangles\symphonic-gold-bangles.jpg,32700,31600,437,822,1390,August,Maharashtra,4.6,606,28,16,2022-08-16,"Year-round, Valentine's"
engraved-gold-bangles,Engraved Gold Bangles,Gold Bangles,Gold Jewellery,,Tanishq,Bestsellers,Women,Casual,Gold,Yellow,https://www.tanishq.co.in/dw/image/v2/BKCK_PRD/on/demandware.static/-/Sites-Tanishq-product-catalog/default/dw2b97d813/images/hi-res/51D3I2VKM2A00_1.jpg?sw=1000&sh=1000,Gold/Gold Bangles,Gold/Gold Bangles/Engraved Gold Bangles.png,normalized_images\Gold\Gold Bangles\engraved-gold-bangles.jpg,17900,17100,305,519,1030,May,Uttar Pradesh,4.3,340,54,20,2020-07-16,"Year-round, Summer"
dazzling-gold-bangles,Dazzling Gold Bangles,Gold Bangles,Gold Jewellery,,Tanishq,Bestsellers,Women,Casual,Gold,Yellow,https://www.tanishq.co.in/dw/image/v2/BKCK_PRD/on/demandware.static/-/Sites-Tanishq-product-catalog/default/dw75861443/images/hi-res/512311VEO2A00_1.jpg?sw=1000&sh=1000,Gold/Gold Bangles,Gold/Gold Bangles/Dazzling Gold Bangles.png,normalized_images\Gold\Gold Bangles\dazzling-gold-bangles.jpg,34200,31900,117,207,375,March,Karnataka,4.7,838,169,11,2020-04-04,"Year-round, Summer"
brilliant-gold-bangle,Brilliant Gold Bangle,Gold Bangles,Gold Jewellery,,Tanishq,Bestsellers,Women,Modern,Gold,Yellow,https://www.tanishq.co.in/dw/image/v2/BKCK_PRD/on/demandware.static/-/Sites-Tanishq-product-catalog/default/dw3f9f48e6/images/hi-res/512411VQN2A00_1.jpg?sw=1000&sh=1000,Gold/Gold Bangles,Gold/Gold Bangles/Brilliant Gold Bangle.png,normalized_images\Gold\Gold Bangles\brilliant-gold-bangle.jpg,22900,20900,365,667,1154,October,Rajasthan,4.5,100,158,13,2023-08-10,"Year-round, Valentine's"
sleek-gold-kamal-chain,Sleek Gold Kamal Chain,Gold Chain,Gold Jewellery,,Tanishq,Bestsellers,Women,Casual,Gold,Yellow,https://www.tanishq.co.in/dw/image/v2/BKCK_PRD/on/demandware.static/-/Sites-Tanishq-product-catalog/default/dw44b4dd4b/images/hi-res/511016COAAA00_2.jpg?sw=480&sh=480,Gold/Gold Chain,Gold/Gold Chain/Sleek Gold Kamal Chain.png,normalized_images\Gold\Gold Chain\sleek-gold-kamal-chain.jpg,21900,20100,520,923,1589,October,Kerala,4.4,625,40,16,2020-04-21,"Year-round, Summer"
sleek-modern-gold-chain,Sleek Modern Gold Chain,Gold Chain,Gold Jewellery,,Tanishq,Bestsellers,Women,Casual,Gold,Yellow,https://www.tanishq.co.in/dw/image/v2/BKCK_PRD/on/demandware.static/-/Sites-Tanishq-product-catalog/default/dwb663d7d8/images/hi-res/510674CGAAA00_1.jpg?sw=640&sh=640,Gold/Gold Chain,Gold/Gold Chain/Sleek Modern Gold Chian.png,normalized_images\Gold\Gold Chain\sleek-modern-gold-chain.jpg,14200,13300,188,315,535,April,Karnataka,4.6,74,166,8,2021-01-14,"Year-round, Summer"
modish-patterned-chain,Modish Patterned Chain,Gold Chain,Gold Jewellery,,Tanishq,Bestsellers,Women,Casual,Gold,Yellow,https://www.tanishq.co.in/dw/image/v2/BKCK_PRD/on/demandware.static/-/Sites-Tanishq-product-catalog/default/dwe2625dd7/images/hi-res/51D2A2CQAAA00_1.jpg?sw=640&sh=640,Gold/Gold Chain,Gold/Gold Chain/Modish Patterned Chain.png,normalized_images\Gold\Gold Chain\modish-patterned-chain.jpg,21200,19300,310,560,955,January,Rajasthan,4.8,689,98,18,2022-12-28,Year-round
aura-bloom-gold-chain,Aura Bloom Gold Chain,Gold Chain,Gold Jewellery,,Tanishq,Bestsellers,Women,Bestsellers,Gold,Yellow,https://www.tanishq.co.in/dw/image/v2/BKCK_PRD/on/demandware.static/-/Sites-Tanishq-product-catalog/default/dwb8746db9/images/hi-res/51M6A1CCTAA00_1.jpg?sw=640&sh=640,Gold/Gold Chain,Gold/Gold Chain/Aura Bloom Gold Chain.png,normalized_images\Gold\Gold Chain\aura-bloom-gold-chain.jpg,27700,25100,312,505,917,May,Kerala,4.7,232,75,13,2020-09-08,"Diwali, Wedding Season"
rhythmic-bead-gold-chain,Rhythmic Bead Gold Chain,Gold Chain,Gold Jewellery,,Tanishq,Bestsellers,Women,Modern,Gold,Rose,https://www.tanishq.co.in/dw/image/v2/BKCK_PRD/on/demandware.static/-/Sites-Tanishq-product-catalog/default/dw55158f6d/images/hi-res/50D4PTCDWAA00_1.jpg?sw=640&sh=640,Gold/Gold Chain,Gold/Gold Chain/Rhythmic Bead Gold Chain.png,normalized_images\Gold\Gold Chain\rhythmic-bead-gold-chain.jpg,36200,33000,411,675,1216,March,Maharashtra,4.8,81,40,9,2022-10-24,"Year-round, Valentine's"
bead-flow-gold-chain,Bead Flow Gold Chain,Gold Chain,Gold Jewellery,,Tanishq,Bestsellers,Women,Modern,Gold,Rose,https://www.tanishq.co.in/dw/image/v2/BKCK_PRD/on/demandware.static/-/Sites-Tanishq-product-catalog/default/dw55f7e0c6/images/hi-res/50D4PTCDVAA00_1.jpg?sw=1000&sh=1000,Gold/Gold Chain,Gold/Gold Chain/Bead Flow Gold Chain.png,normalized_images\Gold\Gold Chain\bead-flow-gold-chain.jpg,41000,38200,502,888,1492,February,Uttar Pradesh,4.8,501,102,18,2023-05-17,"Year-round, Valentine's"
sparkle-link-gold-chain,Sparkle Link Gold Chain,Gold Chain,Gold Jewellery,,Tanishq,Bestsellers,Women,Modern,Gold,Yellow,https://www.tanishq.co.in/dw/image/v2/BKCK_PRD/on/demandware.static/-/Sites-Tanishq-product-catalog/default/dwa0d3ef72/images/hi-res/51D5C1CABAA00_1.jpg?sw=1000&sh=1000,Gold/Gold Chain,Gold/Gold Chain/Sparkle Link Gold Chain.png,normalized_images\Gold\Gold Chain\sparkle-link-gold-chain.jpg,12900,11800,356,622,1013,January,West Bengal,4.4,490,107,16,2022-01-03,"Year-round, Valentine's"
orbit-bead-gold-chain,Orbit Bead Gold Chain,Gold Chain,Gold Jewellery,,Tanishq,Bestsellers,Women,Casual,Gold,Yellow,https://www.tanishq.co.in/dw/image/v2/BKCK_PRD/on/demandware.static/-/Sites-Tanishq-product-catalog/default/dwf1c765a5/images/hi-res/51D4I1CVAAA00_1.jpg?sw=1000&sh=1000,Gold/Gold Chain,Gold/Gold Chain/Orbit Bead Gold Chain.png,normalized_images\Gold\Gold Chain\orbit-bead-gold-chain.jpg,16700,15700,197,372,650,October,Kerala,4.6,423,30,19,2022-10-02,"Year-round, Summer"
stunning-gold-chain-with-baubles,Stunning Gold Chain with Baubles,Gold Chain,Gold Jewellery,,Tanishq,Bestsellers,Women,Modern,Gold,Yellow,https://www.tanishq.co.in/dw/image/v2/BKCK_PRD/on/demandware.static/-/Sites-Tanishq-product-catalog/default/dw7470e133/images/hi-res/513018CUMAA00_1.jpg?sw=1000&sh=1000,Gold/Gold Chain,Gold/Gold Chain/Stunning Gold Chain with Baubles.png,normalized_images\Gold\Gold Chain\stunning-gold-chain-with-baubles.jpg,40900,37300,470,858,1448,November,Uttar Pradesh,4.7,541,96,9,2024-07-21,"Year-round, Valentine's"
starlit-bead-gold-chain,Starlit Bead Gold Chain,Gold Chain,Gold Jewellery,,Tanishq,Bestsellers,Women,Casual,Gold,Yellow,https://www.tanishq.co.in/dw/image/v2/BKCK_PRD/on/demandware.static/-/Sites-Tanishq-product-catalog/default/dw56067b2a/images/hi-res/50M4PLCCHLA00_1.jpg?sw=1000&sh=1000,Gold/Gold Chain,Gold/Gold Chain/Starlit Bead Gold Chain.png,normalized_images\Gold\Gold Chain\starlit-bead-gold-chain.jpg,21700,20800,496,866,1415,June,West Bengal,4.4,671,110,12,2020-03-11,"Year-round, Summer"
